{
  "did:j:alpha": {
    "count": 1,
    "cpu": 0,
    "mem": 0,
    "last_seen": "2023-10-24T12:00:00Z",
    "avg_cpu": 0.0,
    "avg_mem": 0.0,
    "uptime_pct": 75,
    "status": "degraded"
  },
  "did:j:beta": {
    "count": 1,
    "cpu": 0,
    "mem": 0,
    "last_seen": "2023-10-24T12:01:00Z",
    "avg_cpu": 0.0,
    "avg_mem": 0.0,
    "uptime_pct": 75,
    "status": "degraded"
  },
  "did:j:gamma": {
    "count": 1,
    "cpu": 0,
    "mem": 0,
    "last_seen": "2023-10-24T12:02:00Z",
    "avg_cpu": 0.0,
    "avg_mem": 0.0,
    "uptime_pct": 75,
    "status": "degraded"
  },
  "did:j:delta": {
    "count": 1,
    "cpu": 0,
    "mem": 0,
    "last_seen": "2023-10-24T12:03:00Z",
    "avg_cpu": 0.0,
    "avg_mem": 0.0,
    "uptime_pct": 75,
    "status": "degraded"
  },
  "did:j:epsilon": {
    "count": 1,
    "cpu": 0,
    "mem": 0,
    "last_seen": "2023-10-24T12:04:00Z",
    "avg_cpu": 0.0,
    "avg_mem": 0.0,
    "uptime_pct": 75,
    "status": "degraded"
  }
}