{
  "timestamp": "2025-10-24T16:49:21.871042+00:00",
  "phase": "XXXI-InsightWeave",
  "summary": {
    "nodes": 4,
    "avg_uptime_pct": 72.5,
    "avg_latency_ms": 48.25,
    "avg_trust_weight": 0.0,
    "anomalies_last_24h": 0
  },
  "insights": [
    {
      "type": "kpi",
      "title": "Federation Health KPIs",
      "avg_uptime_pct": 72.5,
      "avg_latency_ms": 48.25,
      "avg_trust_weight": 0.0
    },
    {
      "type": "outlier",
      "title": "High latency nodes",
      "nodes": [
        {
          "node": "peer2",
          "uptime_pct": 95.0,
          "latency_ms": 52.0,
          "trust_weight": 0.0
        }
      ]
    },
    {
      "type": "outlier",
      "title": "Low uptime nodes",
      "nodes": [
        {
          "node": "unknown",
          "uptime_pct": 0.0,
          "latency_ms": 48.0,
          "trust_weight": 0.0
        }
      ]
    },
    {
      "type": "ranking",
      "title": "Top trust-weighted nodes",
      "nodes": [
        {
          "node": "peer2",
          "uptime_pct": 95.0,
          "latency_ms": 52.0,
          "trust_weight": 0.0
        },
        {
          "node": "peer3",
          "uptime_pct": 97.0,
          "latency_ms": 48.0,
          "trust_weight": 0.0
        },
        {
          "node": "peer1",
          "uptime_pct": 98.0,
          "latency_ms": 45.0,
          "trust_weight": 0.0
        }
      ]
    },
    {
      "type": "correlation",
      "title": "Uptime vs Latency",
      "pearson_r": 0.032
    },
    {
      "type": "correlation",
      "title": "Trust vs Latency",
      "pearson_r": 0.0
    },
    {
      "type": "events",
      "title": "Anomalies (24h)",
      "count": 0
    },
    {
      "type": "governance",
      "title": "Policy State",
      "policy": {
        "public_node_registration": true,
        "last_decision": "approve",
        "last_change_ts": "2023-10-24T12:00:00Z"
      },
      "latest_consensus": {
        "poll_id": "poll-001",
        "question": "Should the Guardian Federation open public node registration?",
        "timestamp": "2023-10-24T12:00:00Z",
        "phase": "XX-GuardianConsensusEngine",
        "participants": [
          "did:j:alpha",
          "did:j:beta",
          "did:j:gamma",
          "did:j:delta",
          "did:j:epsilon"
        ],
        "raw_tally": {
          "Yes": 3,
          "No": 1,
          "Abstain": 1
        },
        "weighted_tally": {
          "Yes": 2.136,
          "No": 0.712,
          "Abstain": 0.356
        },
        "weighted_total": 3.204,
        "weighted_percent": {
          "Yes": 67,
          "No": 22,
          "Abstain": 11
        },
        "proof_sha256": "a1b2c3d4e5f6...",
        "inputs": {
          "votes_source": "<demo>",
          "trust_graph": "logs/trust_graph.json"
        }
      }
    }
  ],
  "sources": {
    "telemetry": "/home/mark/projects/truth-unveiled/logs/global_telemetry_grid.jsonl",
    "health": "/home/mark/projects/truth-unveiled/logs/federation_health.json",
    "trust": "/home/mark/projects/truth-unveiled/logs/trust_graph.json",
    "anoms": "/home/mark/projects/truth-unveiled/logs/anomaly_events.jsonl",
    "consensus": "/home/mark/projects/truth-unveiled/logs/consensus_results.jsonl",
    "policy": "/home/mark/projects/truth-unveiled/core/config/policy_gate.json",
    "codex": "/home/mark/projects/truth-unveiled/memory/codex_index.jsonl"
  }
}