{"poll_id":"poll-001","question":"Should the Guardian Federation open public node registration?","timestamp":"2023-10-24T12:00:00Z","phase":"XX-GuardianConsensusEngine","participants":["did:j:alpha","did:j:beta","did:j:gamma","did:j:delta","did:j:epsilon"],"raw_tally":{"Yes":3,"No":1,"Abstain":1},"weighted_tally":{"Yes":2.136,"No":0.712,"Abstain":0.356},"weighted_total":3.204,"weighted_percent":{"Yes":67,"No":22,"Abstain":11},"proof_sha256":"a1b2c3d4e5f6...","inputs":{"votes_source":"<demo>","trust_graph":"logs/trust_graph.json"}}