{"did:j:alpha":{"trust_score":0.712,"uptime_pct":75,"avg_cpu":0.0,"avg_mem":0.0,"status":"ok","last_seen":"2023-10-24T12:00:00Z"},"did:j:beta":{"trust_score":0.712,"uptime_pct":75,"avg_cpu":0.0,"avg_mem":0.0,"status":"ok","last_seen":"2023-10-24T12:01:00Z"},"did:j:gamma":{"trust_score":0.712,"uptime_pct":75,"avg_cpu":0.0,"avg_mem":0.0,"status":"ok","last_seen":"2023-10-24T12:02:00Z"},"did:j:delta":{"trust_score":0.712,"uptime_pct":75,"avg_cpu":0.0,"avg_mem":0.0,"status":"ok","last_seen":"2023-10-24T12:03:00Z"},"did:j:epsilon":{"trust_score":0.712,"uptime_pct":75,"avg_cpu":0.0,"avg_mem":0.0,"status":"ok","last_seen":"2023-10-24T12:04:00Z"}}