{"timestamp":"2023-10-24T12:00:00Z","phase":"XVI-PublicAttestationMesh","bundle":{"cid":"QmYwAPJzv5CZsnAztECVVwQc5qBJMqCKU8n6GjWk6XvGnP","sha256":"a1b2c3d4..."},"ipfs":{"gateway_checks":[{"gateway":"https://ipfs.io/ipfs","url":"https://ipfs.io/ipfs/QmYwAPJzv5CZsnAztECVVwQc5qBJMqCKU8n6GjWk6XvGnP","ok":true,"note":"full-match"},{"gateway":"https://cloudflare-ipfs.com/ipfs","url":"https://cloudflare-ipfs.com/ipfs/QmYwAPJzv5CZsnAztECVVwQc5qBJMqCKU8n6GjWk6XvGnP","ok":true,"note":"reachable"},{"gateway":"https://dweb.link/ipfs","url":"https://dweb.link/ipfs/QmYwAPJzv5CZsnAztECVVwQc5qBJMqCKU8n6GjWk6XvGnP","ok":true,"note":"full-match"},{"gateway":"https://gateway.pinata.cloud/ipfs","url":"https://gateway.pinata.cloud/ipfs/QmYwAPJzv5CZsnAztECVVwQc5qBJMqCKU8n6GjWk6XvGnP","ok":true,"note":"reachable"},{"gateway":"https://nftstorage.link/ipfs","url":"https://nftstorage.link/ipfs/QmYwAPJzv5CZsnAztECVVwQc5qBJMqCKU8n6GjWk6XvGnP","ok":false,"note":"http-404"}],"gateway_successes":4},"ethereum":{"mode":"simulated","txid":"sim_1234567890abcdef"},"multisig":{"collected":3,"threshold":2},"greenlight":true,"reasons":["ipfs-multi-gateway-ok","cid-present","multisig-ok","eth-anchor"]}