[{"merchant_wallet":"ALPHA11111111111111111111111111111111111111","total_streams":1,"total_amount":3,"token":"KBR","sample_tx":null,"dids":["did:j:alpha"],"exec_modes":["DRY_RUN"]},{"merchant_wallet":"BETA111111111111111111111111111111111111111","total_streams":1,"total_amount":3,"token":"KBR","sample_tx":null,"dids":["did:j:beta"],"exec_modes":["DRY_RUN"]},{"merchant_wallet":"GAMMA11111111111111111111111111111111111111","total_streams":1,"total_amount":1,"token":"KBR","sample_tx":null,"dids":["did:j:gamma"],"exec_modes":["DRY_RUN"]},{"merchant_wallet":"DELTA11111111111111111111111111111111111111","total_streams":1,"total_amount":3,"token":"KBR","sample_tx":null,"dids":["did:j:delta"],"exec_modes":["DRY_RUN"]},{"merchant_wallet":"EPSIL111111111111111111111111111111111111111","total_streams":1,"total_amount":0.5,"token":"KBR","sample_tx":null,"dids":["did:j:epsilon"],"exec_modes":["DRY_RUN"]}]