{"timestamp":"2023-10-24T12:00:00Z","phase":"XV-AuditFederationLink","manifest_sha256":"a1b2c3d4...","manifest":{"timestamp":"2023-10-24T12:00:00Z","phase":"XV-AuditFederationLink","inputs":{"merchant_settlement_cid":"QmYwAPJzv5CZsnAztECVVwQc5qBJMqCKU8n6GjWk6XvGnL","merchant_summary_cid":"QmYwAPJzv5CZsnAztECVVwQc5qBJMqCKU8n6GjWk6XvGnM"},"rollup":{"merchants":5,"total_streamed":10.5,"token":"KBR"},"policy":{"type":"multisig","threshold":2,"guardians":[{"name":"CommanderMark","id":"commander@truth.local"},{"name":"GuardianAlpha","id":"alpha@truth.local"},{"name":"GuardianBeta","id":"beta@truth.local"}]}},"signatures":[{"timestamp":"2023-10-24T12:00:00Z","phase":"XV-AuditFederationLink","guardian":"CommanderMark","id":"commander@truth.local","mode":"simulated","manifest_sha256":"a1b2c3d4...","nonce":"nonce1","proof":"proof1"},{"timestamp":"2023-10-24T12:00:00Z","phase":"XV-AuditFederationLink","guardian":"GuardianAlpha","id":"alpha@truth.local","mode":"simulated","manifest_sha256":"a1b2c3d4...","nonce":"nonce2","proof":"proof2"},{"timestamp":"2023-10-24T12:00:00Z","phase":"XV-AuditFederationLink","guardian":"GuardianBeta","id":"beta@truth.local","mode":"simulated","manifest_sha256":"a1b2c3d4...","nonce":"nonce3","proof":"proof3"}]}